ClusterId,NodeId,NodeType,Region,CurrItems (max over last week),BytesUsedForCache (max over last week),CacheHits (max over last week),CacheMisses (max over last week),CurrConnections (max over last week),NetworkBytesIn (max over last week),NetworkBytesOut (max over last week),NetworkPacketsIn (max over last week),NetworkPacketsOut (max over last week),EngineCPUUtilization (max over last week),Evictions (max over last week),ReplicationBytes (max over last week),ReplicationLag (max over last week),GetTypeCmds (peak last week / hour),HashBasedCmds (peak last week / hour),HyperLogLogBasedCmds (peak last week / hour),KeyBasedCmds (peak last week / hour),ListBasedCmds (peak last week / hour),SetBasedCmds (peak last week / hour),SetTypeCmds (peak last week / hour),SortedSetBasedCmds (peak last week / hour),StringBasedCmds (peak last week / hour),StreamBasedCmds (peak last week / hour),,
anm-ads,anm-ads-001,cache.m4.large,ap-southeast-1b,9971,12480584,0,0,5,6049473,1183075,1169,1295,0.08336112,0,0,0,0,0,0,186,0,0,421,0,416,0,,
anm-ads,anm-ads-002,cache.m4.large,ap-southeast-1a,9971,20283712,1006541,39537,310,28656525,803039895,214676,574727,3.983997333,0,5937438,0,67739,0,0,13,0,0,427,0,67744,0,38.04055556,
anm-collector,anm-collector-0001-001,cache.r4.large,ap-southeast-1c,37902,1303890968,11085,1185,805,296787742,412727225,249201,191862,2.433738956,0,282106537,0,12503,0,0,0,0,0,7426,0,19804,0,,
anm-collector,anm-collector-0001-002,cache.r4.large,ap-southeast-1a,38054,1300829840,0,0,804,272423144,3129022,47097,16063,1.416666667,0,0,0,0,0,0,5783,0,0,12777,0,7389,0,,
anm-collector,anm-collector-0002-001,cache.r4.large,ap-southeast-1b,38524,1294131632,0,0,804,295617272,3495121,49909,16910,1.35,0,0,0,0,0,0,5725,0,0,12880,0,7675,0,,
anm-collector,anm-collector-0002-002,cache.r4.large,ap-southeast-1c,38599,1293454824,9488,1150,805,300462449,367518578,252108,162758,2.483747291,0,285715234,0,10881,0,0,0,0,0,7710,0,18082,0,,
anm-collector,anm-collector-0003-001,cache.r4.large,ap-southeast-1b,38388,1334113448,12987,1202,806,296649091,358781088,240268,160826,2.433333333,0,282426690,0,14305,0,0,0,0,0,7478,0,21585,0,,
anm-collector,anm-collector-0003-002,cache.r4.large,ap-southeast-1a,38375,1336257320,0,0,804,288629286,3612780,45734,13354,1.366894482,0,0,0,0,0,0,5775,0,0,12619,0,7395,0,,
anm-collector,anm-collector-0004-001,cache.r4.large,ap-southeast-1a,38394,1310293136,10282,1173,804,310319318,407173308,256939,154716,2.433738956,0,295367815,0,11648,0,0,0,0,0,7476,0,18720,0,,
anm-collector,anm-collector-0004-002,cache.r4.large,ap-southeast-1c,38307,1310012672,0,0,804,295481161,3179820,49889,13796,1.35,0,0,0,0,0,0,5874,0,0,12632,0,7402,0,,
anm-gandalf,anm-gandalf-0001-001,cache.r4.large,ap-southeast-1a,85666,6761454760,39095,726,689,1026140197,1516908530,814980,567724,7.351225204,0,981195038,0,40133,0,0,0,0,0,14046,0,54179,0,,
anm-gandalf,anm-gandalf-0001-002,cache.r4.large,ap-southeast-1a,85753,6740434072,0,0,684,1027317663,143768279,140437,103119,3.683947325,0,0,0,0,0,0,10000,0,0,22437,0,13985,0,,
anm-gandalf,anm-gandalf-0002-001,cache.r4.large,ap-southeast-1a,85038,6860040456,39140,720,687,1060675649,1587426201,844927,594435,7.033333333,0,1013144343,0,40224,0,0,0,0,0,13828,0,54052,0,,
anm-gandalf,anm-gandalf-0002-002,cache.r4.large,ap-southeast-1a,85026,6842359264,0,0,684,1038288051,141391369,142165,101443,3.983333333,0,0,0,0,0,0,9936,0,0,22678,0,13823,0,,
anm-gandalf,anm-gandalf-0003-001,cache.r4.large,ap-southeast-1a,85567,6743985192,0,0,684,999980387,137404490,137438,98760,3.6006001,0,0,0,0,0,0,9636,0,0,22535,0,13778,0,,
anm-gandalf,anm-gandalf-0003-002,cache.r4.large,ap-southeast-1a,85689,6740529552,39600,732,689,1023344683,1524669504,820254,570607,7.334555759,0,977704914,0,40578,0,0,0,0,0,13730,0,54308,0,,
anm-gandalf,anm-gandalf-0004-001,cache.r4.large,ap-southeast-1a,85203,6729858152,38978,622,711,1071435336,1554381358,854080,561076,8.05134189,0,1023245303,0,39907,0,0,0,0,0,13296,0,53203,0,,
anm-gandalf,anm-gandalf-0004-002,cache.r4.large,ap-southeast-1a,85180,6726702384,0,0,684,1032910452,138936025,140939,99949,3.767294549,0,0,0,0,0,0,10050,0,0,22636,0,13283,0,,
backend-cache-v2,backend-cache-v2-001,cache.r4.2xlarge,ap-southeast-1a,11360578,9344120968,1139137,12768,1810,573462798,622336129,581672,624105,12.75,0,0,0,1151498,161124,0,37907,0,16137,658008,0,1083811,0,,
backend-cache-v2,backend-cache-v2-003,cache.r4.2xlarge,ap-southeast-1a,11360540,9370524560,319747,2353,4601,644816760,2001908844,1140045,1289566,20.96666667,0,557993614,0,453072,160965,0,131144,0,160970,643595,0,643588,0,,
backend-cache-v2,backend-cache-v2-004,cache.r4.2xlarge,ap-southeast-1a,11360563,9335864344,1163207,18330,1839,394218138,641021543,593183,637928,13.45,0,0,0,1174849,110551,0,40598,0,15999,459266,0,1104000,0,,
backend-cache-v2,backend-cache-v2-005,cache.r4.2xlarge,ap-southeast-1a,11360555,9334443232,1189904,20659,1819,403790563,666146931,609077,641941,14,0,0,0,1201555,113058,0,40975,0,16152,468825,0,1124045,0,,
bac-paas-01,bac-paas-01-001,cache.r3.xlarge,ap-southeast-1b,3409,5430944,0,0,5,692365,1346033,4719,4265,0.233372229,0,0,0,0,0,0,678,0,0,4765,0,4101,0,,
bac-paas-01,bac-paas-01-002,cache.r3.xlarge,ap-southeast-1a,3410,6709096,636,915,29,1786028,2356933,21870,15756,0.666777796,0,349273,0,2371,0,0,1202,0,0,4181,0,5216,0,,
checkout-cache-prod,checkout-cache-prod-001,cache.r4.4xlarge,ap-southeast-1a,91057486,40111524872,579102,1297248,970,1065409974,1438621894,1519801,1730261,29.78333333,0,0,0,1879914,0,0,117573,3065,0,2861309,0,2885314,0,,
checkout-cache-prod,checkout-cache-prod-002,cache.r4.4xlarge,ap-southeast-1b,91057578,40137525376,178752,374548,2087,1106690487,2152149094,1466976,1760629,28.17136189,0,1053899195,0,583848,0,0,90188,21639,0,2845511,0,2846109,0,,
checkout-order-1,checkout-order-1-001,cache.r3.2xlarge,ap-southeast-1a,1508931,7224379464,47208,19574,1072,342487369,311018443,258355,336783,7.151191865,0,0,0,65840,0,0,36118,0,0,73685,0,104900,0,,
checkout-order-1,checkout-order-1-002,cache.r3.2xlarge,ap-southeast-1b,1508772,7274192696,48344,21396,3013,367711484,945466948,648878,588144,10.76846141,0,327364073,0,70510,0,0,32126,0,0,72861,0,108659,0,,
checkout-order-1,checkout-order-1-003,cache.r3.2xlarge,ap-southeast-1b,1508887,7226472120,45656,19813,1050,342675785,323163955,253842,336347,6.951158526,0,0,0,65082,0,0,35767,0,0,75072,0,103411,0,,
checkout-cache-prod,checkout-prod-003,cache.r4.4xlarge,ap-southeast-1a,91057196,40109953584,610973,1149677,951,1070497672,1346754781,1576299,1763027,50.22503751,0,0,0,1715178,0,0,117804,3094,0,2871249,0,2882195,0,,
checkout-track-1-00x,checkout-track-1-00x-001,cache.r3.2xlarge,ap-southeast-1b,21914,236203512,0,0,107,288514890,550014080,357027,214129,5.25,0,268387450,0,0,0,0,0,0,0,28778,0,28778,0,,
checkout-track-1-00x,checkout-track-1-00x-002,cache.r3.2xlarge,ap-southeast-1a,22007,236051472,47954,9062,105,294066552,472189894,336764,514288,9.601600267,0,0,0,70158,0,0,28831,0,0,57656,0,98096,0,,
checkout-track-1-00x,checkout-track-1-00x-003,cache.r3.2xlarge,ap-southeast-1b,21930,234537120,45617,8816,105,287449259,448418567,324010,485610,8.6,0,0,0,66296,0,0,28819,0,0,57618,0,91121,0,,
cms-availability,cms-availability-001,cache.r4.2xlarge,ap-southeast-1b,49151281,41275885032,2,1,65,86876664,94148033,312838,406739,40.65,0,69714228,0,2,82522,0,22306,0,0,205493,0,202409,0,,
cms-availability,cms-availability-002,cache.r4.2xlarge,ap-southeast-1a,49151280,41275773736,0,0,5,82289052,329737497,199764,234265,49.67494582,0,0,0,0,82437,0,22294,0,0,205036,0,202030,0,,
crm-cm,crm-cm-001,cache.m4.large,ap-southeast-1b,6309505,1535060392,37973,56903,41,33459989,64329711,259320,278098,7.016666667,0,15218175,0,94107,12804,0,4852,0,0,62158,0,137641,0,,
crm-cm,crm-cm-002,cache.m4.large,ap-southeast-1b,6309054,1532737792,8,0,4,19162391,2959033,61146,30720,2.25,0,0,0,8,1335,0,54869,0,0,104713,0,56439,0,,
crm-cm,crm-cm-003,cache.m4.large,ap-southeast-1a,6308893,1532697360,8,0,5,18831844,2999269,61510,30848,2.233705618,0,0,0,8,1250,0,52768,0,0,103941,0,56588,0,,
crm-hc-bot,crm-hc-bot-001,cache.m4.large,ap-southeast-1b,200440,115008472,7218,5018,17,2941229,5230322,20840,18394,0.666777796,0,941890,0,11841,0,0,0,0,0,2333,0,14174,0,,
crm-hc-bot,crm-hc-bot-002,cache.m4.large,ap-southeast-1a,200447,114730416,0,0,5,1153882,1150820,2738,2603,0.200066689,0,0,0,0,0,0,438,0,0,2637,0,2317,0,,
crm-p-cconeview,crm-p-cconeview-001,cache.m4.large,ap-southeast-1a,81,5137152,4286,584,11,1098339,5601410,8136,7883,0.283380563,0,448174,0,4873,0,0,263,0,0,834,0,5444,0,,
crm-p-cconeview,crm-p-cconeview-002,cache.m4.large,ap-southeast-1b,77,4929264,0,0,5,587264,1195607,1391,1839,0.133355559,0,0,0,0,0,0,578,0,0,1166,0,588,0,,
dash-availability,dash-availability-001,cache.r4.large,ap-southeast-1c,134862,42179368,30,96,9,1033768,1833337,14510,12209,0.400066678,0,94307,0,2382,0,0,2334,0,0,216,64,217,0,,
dash-availability,dash-availability-002,cache.r4.large,ap-southeast-1a,134862,42459512,0,0,4,313984,14576545,3915,10484,0.100016669,0,97373,0,0,0,0,81,0,0,192,23,130,0,,
dash-availability,dash-availability-003,cache.r4.large,ap-southeast-1b,134864,42643368,0,0,5,166905,1226595,668,1153,0.116666667,0,107345,0,0,0,0,81,0,0,190,26,121,0,,
de-business-metric,de-business-metric-001,cache.r4.large,ap-southeast-1a,44719344,9267105048,0,0,4,99360921,7678191,206313,103578,16.21666667,0,0,0,0,0,0,2130351,0,42015,2130358,0,94811,0,,
de-business-metric,de-business-metric-002,cache.r4.large,ap-southeast-1b,44719400,9267458440,241098,27060,12,133974974,393449703,687090,791511,50.33333333,0,85764898,0,252776,0,0,89857,0,84214,222672,0,302159,0,,
de-heapmap-service,de-heapmap-service-001,cache.m3.large,ap-southeast-1a,650342,272432784,0,0,5,27595381,5225926,150084,74600,6.834472412,0,0,0,0,27879,0,94701,0,47220,171799,0,5149,0,,
de-heapmap-service,de-heapmap-service-002,cache.m3.large,ap-southeast-1a,651101,272103152,0,0,5,28898363,62535598,161840,80727,6.851141857,0,0,0,0,29350,0,95448,0,53280,178970,0,5185,0,,
de-heapmap-service,de-heapmap-service-003,cache.m3.large,ap-southeast-1b,650437,273031720,534042,401317,20,94613692,181252419,827275,956340,38.18969828,0,19975007,0,474227,233568,0,82583,3180,249274,170320,0,149886,0,,
de-incentive-engine,de-incentive-01,cache.r3.xlarge,ap-southeast-1b,11145373,21874461232,0,0,5,301591523,137115865,219568,170365,80.21666667,0,0,19.328,0,0,0,80595,0,0,236970,6054,150604,0,474223,131.7286111
de-incentive-engine,de-incentive-engine,cache.r3.xlarge,ap-southeast-1a,11145568,21874541304,365482,96952,72,359147638,798305413,1028001,1182239,29.6216036,0,279381551,0,526308,0,0,34721,0,2,161007,17082,645364,0,,
del-assign-redis2,del-assign-redis2-001,cache.r4.large,ap-southeast-1b,5178812,1274120072,160,161,5,15910184,2136585,37396,20341,3.816666667,0,13575147,0,321,19014,0,86306,282,5773,120311,0,33035,0,,
del-assign-redis2,del-assign-redis2-002,cache.r4.large,ap-southeast-1c,5179348,1278969400,1023298,3014560,194,266150696,410800934,870169,874607,38.58333333,0,13101566,0,3903854,3898913,0,50625,257,36019,112421,0,41369,0,,
del-core-master,del-core-master,cache.m4.xlarge,ap-southeast-1a,1715521,730358752,437714,57176,159,118244065,221019380,524835,587242,18.40306718,0,58499214,0,430828,543838,0,214749,0,110883,440777,0,994,0,,
del-core-master,del-core-slave-001,cache.m4.xlarge,ap-southeast-1a,1715525,729253320,175,175,4,65829993,3979696,110236,55259,4.933333333,0,0,0,350,113996,0,217342,0,7391,339520,1417,525,0,,
de-location-v1,de-location-v1-001,cache.r3.xlarge,ap-southeast-1b,583465,139464584,138839,10,167,67530081,143342519,400662,574416,13.53558926,0,41039054,0,2846,0,0,3631,0,0,199098,0,198059,0,,
de-location-v1,de-location-v1-002,cache.r3.xlarge,ap-southeast-1a,583702,138642384,426448,65664,85,93208401,72895473,594043,492942,21.35355893,0,41051651,0,403168,0,0,3596,0,0,199101,0,593450,0,,
de-location-v1,de-location-v1-003,cache.r3.xlarge,ap-southeast-1a,583332,137767440,366391,83935,85,82690017,60868082,509254,414268,17.96966161,0,41117524,0,330134,0,0,3615,0,0,199214,0,508654,0,,
prod-de-redis,de-prod-redis-001,cache.r3.2xlarge,ap-southeast-1a,22078572,16883468632,1137684,123384,382,1219368660,336271241,1955711,1754802,62.22703784,0,0,0,1721517,451348,0,679222,3533,32430,316672,0,1004439,0,,
prod-de-redis,de-prod-redis-01,cache.r3.2xlarge,ap-southeast-1a,22078743,16908686296,509175,113442,1109,1346185333,7563251085,2320616,2398547,53.11666667,0,1197764232,0,572566,71685,0,175944,3312,70780,321789,0,593291,0,,
prod-de-redis,de-prod-rslave-002,cache.r3.2xlarge,ap-southeast-1a,22797411,17751920368,1059830,110136,411,1204745416,151105137,1848067,1656501,58.56666667,0,0,0,1609516,352325,0,646620,3432,31577,323635,0,924486,0,,
prod-de-redis,de-prod-rslave-003,cache.r3.2xlarge,ap-southeast-1a,22797087,17751628040,906422,109782,483,1225996397,132306270,1583742,1402332,51.85864311,0,0,0,1354560,385467,0,524823,3571,32434,316660,0,810159,0,,
,de-sentry-cache,cache.r3.2xlarge,ap-southeast-1a,70057,125673680,32290,8984,277,478362781,425702781,404067,383004,10.28504751,0,0,0,39197,216087,5,228651,24304,15416,481465,78,39514,0,,
de-waroom,de-waroom-001,cache.r4.large,ap-southeast-1b,678132,277297184,541149,10041,40,268878560,1517425317,1131786,1745560,28.55475913,0,189489657,0,553393,0,0,11722,0,188703,427670,0,787691,0,,
de-waroom,de-waroom-002,cache.r4.large,ap-southeast-1b,678134,253539536,2,2,5,206322937,161488198,268004,224013,9.083333333,0,0,0,2,0,0,2739,0,131071,395602,0,265246,0,,
edm,edm-001,cache.r5.large,ap-southeast-1a,82,5105328,63,12,10,109461,1193242,786,1196,0.100016669,0,6869,0,63,6,0,31,0,0,31,0,62,0,,
edm,edm-002,cache.r5.large,ap-southeast-1c,83,4924072,0,0,5,93530,1195580,519,1065,0.100016669,0,7287,0,0,2,0,6,0,0,22,0,19,0,,
edm,edm-003,cache.r5.large,ap-southeast-1b,83,4924912,0,0,5,93003,1199237,555,1050,0.08336112,0,7287,0,0,2,0,5,0,0,22,0,20,0,,
ff-assignment,ff-assignment-001,cache.r3.large,ap-southeast-1b,607308,699554192,104707,465855,37,89815351,86331114,803843,843841,33.62227038,0,17401112,0,495302,0,0,55405,0,0,124063,433547,236540,0,,
ff-assignment,ff-assignment-002,cache.r3.large,ap-southeast-1a,607305,698338712,1,0,5,24032999,132497676,97994,99886,3.966005666,0,0,0,1,0,0,55823,0,0,120224,3058,61487,0,,
ff-watchdog,ff-watchdog-001,cache.r4.large,ap-southeast-1a,2,6151440,0,16443,41,4961614,3714539,55985,49764,1.400233372,0,3317,0,16443,0,0,0,0,0,0,0,16443,0,,
ff-watchdog,ff-watchdog-002,cache.r4.large,ap-southeast-1b,2,4847952,0,0,5,96213,1170136,647,1036,0.08336112,0,0,0,0,0,0,0,0,0,0,0,0,0,,
flo-redis,flo-redis-0001-001,cache.r4.2xlarge,ap-southeast-1a,4193196,21255470112,413476,17299,226,482802849,1382222672,1813698,2164358,34.93333333,0,327274222,0,259205,138410,0,34393,0,281237,568760,191,379666,0,,
flo-redis,flo-redis-0001-002,cache.r4.2xlarge,ap-southeast-1a,4193189,21248650296,0,0,4,353140178,340412753,398116,388879,11.95,0,0,0,0,137612,0,34332,0,204787,463299,0,120466,0,,
flo-redis,flo-redis-0001-003,cache.r4.2xlarge,ap-southeast-1c,4193227,21248773280,0,0,5,356010944,341650635,438616,407838,11.90198366,0,0,0,0,137934,0,34366,0,206254,465559,0,120845,0,,
flo-redis,flo-redis-0002-001,cache.r4.2xlarge,ap-southeast-1a,4197220,21093891296,481039,17382,234,578419036,1493809302,2501512,2939100,49.00816803,0,352179542,0,325616,249601,0,34529,0,378893,1042292,323311,381574,0,,
flo-redis,flo-redis-0002-002,cache.r4.2xlarge,ap-southeast-1a,4197203,21086068128,0,0,5,385389600,343588469,497121,436326,14.2523754,0,0,0,0,138207,0,34541,0,275677,673001,103368,121208,0,,
flo-redis,flo-redis-0002-003,cache.r4.2xlarge,ap-southeast-1c,4197214,21086033920,0,0,5,384519286,345182167,542897,460447,14.30238373,0,0,0,0,137993,0,34431,0,275077,671312,103081,120791,0,,
flo-redis,flo-redis-0003-001,cache.r4.2xlarge,ap-southeast-1a,4192259,20980788408,566375,17190,242,520529563,1530017482,2158923,2496297,42.85714286,0,328498118,0,412452,136818,0,34201,0,172764,686002,430106,377866,0,,
flo-redis,flo-redis-0003-002,cache.r4.2xlarge,ap-southeast-1a,4192298,20972269768,0,0,5,358528422,343285342,472468,432798,12.73333333,0,0,0,0,34673,0,34497,0,131926,534657,274838,120971,0,,
flo-redis,flo-redis-0003-003,cache.r4.2xlarge,ap-southeast-1c,4192307,20972143504,0,0,5,357614951,342399923,454895,419017,14.26904484,0,0,0,0,34477,0,34302,0,133289,529978,272780,120447,0,,
fraud-service-cache,fraud-service-cache-001,cache.r4.large,ap-southeast-1a,15713621,2748477768,13880,34277,84,9632020,8751739,78741,82299,2.616666667,0,2333880,0,47193,29964,0,3901,0,4,18064,0,31777,0,,
fraud-service-cache,fraud-service-cache-002,cache.r4.large,ap-southeast-1b,15713621,2747177896,96,0,5,5033842,329716487,80134,232616,0.700116686,0,2307251,0,874,437,0,4966,0,0,19181,0,14671,0,,
kong-rate-limit,kong-rate-limit-001,cache.r4.large,ap-southeast-1a,0,4850640,0,0,4,96362,1178838,613,1021,0.066722269,0,3264,0,0,0,0,0,0,0,0,0,0,0,,
kong-rate-limit,kong-rate-limit-002,cache.r4.large,ap-southeast-1b,0,4847600,0,0,5,96104,1116283,571,1025,0.083347225,0,0,0,0,0,0,0,0,0,0,0,0,0,,
,marketing-comm,cache.r3.large,ap-southeast-1a,7277219,748270576,165462,160858,20,61548367,131989648,532989,530140,21.48333333,0,0,0,326321,211740,0,2,159084,0,203213,0,158708,0,,
meals-cache,meals-cache-001,cache.r3.large,ap-southeast-1a,206845,2275877928,49410,93,118,41429416,2293277135,666080,1564749,3.417236206,0,7529599,0,49411,0,0,198,0,0,344,0,49412,0,,
meals-cache,meals-cache-002,cache.r3.large,ap-southeast-1b,206845,2275103376,57457,112,77,46591612,2609881507,749891,1780489,3.883980663,0,0,0,57457,0,0,198,0,0,346,0,57457,0,,
,messaging-service-01,cache.m4.large,ap-southeast-1a,1,3759448,0,0,5,71524,1094369,427,830,0.08336112,0,0,0,0,0,0,0,0,0,60,0,60,0,,
oms-reminder-service,oms-reminder-service-001,cache.r4.2xlarge,ap-southeast-1a,62082561,29835564832,537571,2033,5,103227077,5169012,124239,63430,12.53542257,0,0,0,537976,0,0,480466,0,723137,722046,1086,387547,0,,
oms-reminder-service,oms-reminder-service-002,cache.r4.2xlarge,ap-southeast-1b,62081380,31048732040,741924,30067,9,127922617,357324457,289706,394588,54.3423904,0,94497671,0,756088,0,0,123694,0,791665,828999,154578,517866,0,,
platform-nemesis-v1,platform-nemesis-v1-001,cache.t2.micro,ap-southeast-1a,2,7174696,14,0,45,1144182,6346688,4728,4169,0.216666667,0,906995,0,14,1732,0,0,0,0,1720,0,0,0,,
platform-nemesis-v1,platform-nemesis-v1-002,cache.t2.micro,ap-southeast-1b,2,5830904,0,0,5,1049094,1146838,2030,1910,0.166694449,0,0,0,0,1720,0,0,0,0,1720,0,0,0,,
portal-config,portal-config-001,cache.m3.medium,ap-southeast-1a,203,12851704,375450,1,48,88863684,178550035,991089,965193,29.17152859,0,19625538,0,964835,0,0,589946,0,0,824,0,375450,0,,
portal-config,portal-config-002,cache.m3.medium,ap-southeast-1b,203,12853368,0,0,5,19537457,1205943,2767,1378,0.216775054,0,0,0,0,0,0,405,0,0,806,0,402,0,,
,portal-prod,cache.m3.medium,ap-southeast-1a,14,14183200,8646,10,37,36852848,2127083110,743758,342539,1.167055685,0,0,0,8646,0,0,0,0,0,111,0,8671,0,,
portal-prod5-v3,portal-prod5-v3-001,cache.r4.2xlarge,ap-southeast-1b,103900934,18580068200,319182,92085,6744,329289742,1151627748,876603,790389,17.38623104,0,265117293,0,411587,4716,0,221581,0,44720,225221,0,399197,0,,
portal-prod5-v3,portal-prod5-v3-002,cache.r4.2xlarge,ap-southeast-1a,103900973,18473129808,292831,44084,1886,316776884,10997480924,1001548,7631474,28.11198134,0,0,0,344930,128724,0,42824,0,74,67423,0,240183,0,,
portal-prod5-v3,portal-prod5-v3-003,cache.r4.2xlarge,ap-southeast-1b,103900924,18464768544,269901,47300,1837,321493765,11039731990,1153879,7605773,26.42107018,0,0,0,310552,132339,0,43878,0,76,67354,0,211173,0,,
portal-prod5-v3,portal-prod5-v3-004,cache.r4.2xlarge,ap-southeast-1b,103901321,18469200912,268793,39150,1754,307120300,10838300397,907029,7434735,25.0541757,0,0,0,308298,130820,0,43447,0,85,68225,0,221580,0,,
portal-prod5-v3,portal-prod5-v3-006,cache.r4.2xlarge,ap-southeast-1a,103901004,18466846416,265160,39869,1881,314116396,11088579468,856644,7613510,50.58333333,0,0,0,306759,121968,0,42513,0,78,67773,0,207926,0,,
,portal-sentry-cache,cache.r3.2xlarge,ap-southeast-1a,193715,143117720,17279,18856,86,253962853,301086438,237286,249376,10.96666667,0,0,0,24652,204669,12936,224620,14398,8320,464711,38,11336,0,,
prod-comm-engine-v3,prod-comm-engine-v3-001,cache.r4.2xlarge,ap-southeast-1a,41650566,32658854480,30511,934,30,26218872,42029988,112574,120597,2.850475079,0,17180084,0,31331,403,0,28335,0,0,56901,0,59542,0,,
prod-comm-engine-v3,prod-comm-engine-v3-002,cache.r4.2xlarge,ap-southeast-1b,41650557,32658239720,0,0,5,18994272,1852039,28527,14467,0.683333333,0,0,0,0,126,0,5,0,0,28531,0,28436,0,,
prod-de-batch-redis,prod-de-batch-redis-001,cache.r3.2xlarge,ap-southeast-1b,3816600,17042311728,946865,512,184,404736847,1725142975,1484194,1738038,29.63333333,0,0,0,790619,946907,0,161607,0,0,322181,0,64,0,,
prod-de-batch-redis,prod-de-batch-redis-002,cache.r3.2xlarge,ap-southeast-1a,3816573,17040913192,155562,0,162,309421427,313278081,619189,648807,16.55275879,0,273881879,0,1,155562,0,155562,0,0,311184,0,60,0,,
prod-deployer,prod-deployer,cache.t2.medium,ap-southeast-1b,614,8635424,20719,1,39,3818751,2943202,44137,41903,2.083333333,0,17193,0,20719,0,0,6,20800,0,20801,0,20720,0,,
prod-deployer,prod-deployer-2,cache.t2.medium,ap-southeast-1a,614,7665400,0,0,5,87359,1085969,587,461,0.233450058,0,0,0,0,0,0,5,174,0,184,0,28,0,,
prod-de-redis,prod-de-rslave-001,cache.r3.2xlarge,ap-southeast-1a,22797467,17752615400,1017668,126465,391,1135367815,144440192,1850073,1647858,57.16666667,0,0,0,1602535,354414,0,662704,3205,32614,322506,0,958931,0,,
prod-de-redis,prod-de-rslave-004,cache.r3.2xlarge,ap-southeast-1a,22078579,16405485888,1094579,107048,328,1225431131,152266064,1972099,1767607,52.45874312,0,0,0,1723519,384574,0,690418,3430,33354,316692,0,940110,0,,
prod-oms-sdr-v2,prod-oms-sdr-v2-001,cache.r3.large,ap-southeast-1b,5966922,1905798216,458757,45793,1207,92033028,146645318,888529,798194,31.62193699,0,15414123,0,497665,50230,0,28462,583,13642,70697,0,481856,0,,
prod-oms-sdr-v2,prod-oms-sdr-v2-002,cache.r3.large,ap-southeast-1a,5966912,1871012792,6415,0,4,17195120,132174951,51751,94068,3.001000333,0,0,0,1,6309,0,15847,0,80,58808,0,39711,0,,
rng-infra,rng-infra-001,cache.r3.large,ap-southeast-1b,46958,28582144,4973266,2508787,602,385925413,154741731,488383,338796,15.48849617,0,0,0,244577,123620,0,37,0,0,43,0,120961,0,,
rng-infra,rng-infra-002,cache.r3.large,ap-southeast-1b,46958,47621608,4746344,2403498,1511,370334024,155483271,469773,318069,15.35,0,10495508,0,220667,111556,0,38,0,0,43,0,109115,0,,
rng-infra-v2,rng-infra-v2-001,cache.r4.2xlarge,ap-southeast-1a,351440,349199736,48150,20,783,43674209,81041789,338665,354069,7.451241874,0,22522739,0,13062,0,0,3128,0,0,60267,0,69759,0,,
rng-infra-v2,rng-infra-v2-002,cache.r4.2xlarge,ap-southeast-1b,351417,340368208,213878,177261,453,91140106,197653401,839535,802235,18.8,0,0,0,232713,0,0,92961,0,0,72390,0,198847,0,,
rng-infra-v2,rng-infra-v2-003,cache.r4.2xlarge,ap-southeast-1a,351390,344260336,252897,205009,499,104375220,231279323,982020,926156,21.92032005,0,0,0,268543,0,0,106711,0,0,72462,0,241911,0,,
rng-infra-v3,rng-infra-v3-001,cache.r4.xlarge,ap-southeast-1c,665945,434118184,2786179,389589,3827,203745843,1904579875,1405445,2196645,35.33333333,0,28589454,0,542248,0,0,8011,0,0,184844,0,595095,0,,
rng-infra-v3,rng-infra-v3-002,cache.r4.xlarge,ap-southeast-1b,665925,345449296,0,0,4,32151912,2478757,56785,28676,1.700283381,0,0,0,0,0,0,38335,0,0,203353,0,184886,0,,
rng-order-comm,rng-order-comm-001,cache.r4.4xlarge,ap-southeast-1b,534246,285686672,48131,2574,48,17580558,29553389,196649,188598,5.283333333,0,2394365,0,50583,0,0,3795,0,0,9162,0,56102,0,,
rng-order-comm,rng-order-comm-002,cache.r4.4xlarge,ap-southeast-1c,534204,284027176,1,0,5,5255974,172805255,50117,126206,0.466744457,0,0,0,1,0,0,4247,0,0,9604,0,5918,0,,
,sand-p-rasmalaiq,cache.t2.micro,ap-southeast-1a,820,7936920,213,403,53,1976892,1457427,7545,5709,0.35,0,0,0,616,4000,0,1800,400,400,6616,632,0,0,,
seg-infra-v2,seg-infra-v2-001,cache.r3.large,ap-southeast-1a,43496727,11205737344,421943,111986,1070,67187161,178550704,688238,662294,50.12502084,0,8704483,0,538072,100009,0,4559,0,0,39702,0,567384,0,,
seg-infra-v2,seg-infra-v2-002,cache.r3.large,ap-southeast-1b,43496918,11193912856,101818,10059,683,24312304,82334600,177282,151182,7.615397434,0,0,0,111598,113264,0,15980,0,0,47754,0,33936,0,,
seg-infra-v2,seg-infra-v2-003,cache.r3.large,ap-southeast-1b,43496652,11194876984,90293,8904,633,23050642,77187113,162257,137914,8.55,0,0,0,98366,99781,0,15617,0,0,47068,0,33242,0,,
,segmentation-infra,cache.r3.large,ap-southeast-1b,98647,16799336,0,0,3,177087,7036851,1943,5132,0.06667778,0,0,0,0,0,0,0,0,0,0,0,0,0,,
sentry-cache-01,sentry-cache-01-001,cache.r3.2xlarge,ap-southeast-1a,36135,17820496,17571,1291,138,54084162,10377456,117680,103510,6.483333333,0,0,0,17376,333360,600,339921,2540,1267,680404,16,23615,0,,
snd-addr-cache,snd-addr-cache-001,cache.r4.xlarge,ap-southeast-1c,2019014,1131831368,0,0,531,50079750,53814875,147129,146937,5.384230705,0,44269927,0,17867,0,0,36795,0,17991,105745,0,68826,0,,
snd-addr-cache,snd-addr-cache-002,cache.r4.xlarge,ap-southeast-1a,2018540,1131909192,221812,18379,535,70665823,97685714,222288,185461,9.5,0,44797938,0,240927,0,0,92277,0,84808,174741,0,242993,0,,
snd-analytics-cache,snd-analytics-cache-001,cache.r4.4xlarge,ap-southeast-1a,61889621,80046351520,40,36,20,1660198199,3234976076,1170222,642429,11.08518086,0,1596044642,0,72,0,0,1169,51100,3,322578,0,322591,0,,
snd-analytics-cache,snd-analytics-cache-002,cache.r4.4xlarge,ap-southeast-1b,61889621,80063543952,275342,139775,1310,1608934657,779966714,744827,890612,15.61666667,0,0,0,309599,0,0,1164,51099,0,322578,0,411278,0,,
snd-analytics-cache,snd-analytics-cache-003,cache.r4.4xlarge,ap-southeast-1c,61889621,80061716528,254120,143113,1349,1614119148,716572477,664754,810715,16.26666667,0,0,0,361209,0,0,1164,51099,0,322578,0,383988,0,,
snd-avail-cache,snd-avail-cache-001,cache.r4.xlarge,ap-southeast-1a,44426037,15224600608,10153978,1395476,73,458321759,946577184,584437,799671,44.26666667,0,0,0,11582350,0,0,322753,0,0,652563,0,11629975,0,,
snd-avail-cache,snd-avail-cache-002,cache.r4.xlarge,ap-southeast-1b,44426867,15225098992,11797747,1695331,72,519169809,1083486740,644685,898938,59.17652942,0,0,0,13338951,0,0,265292,0,0,537132,0,13366770,0,,
snd-avail-cache,snd-avail-cache-003,cache.r4.xlarge,ap-southeast-1a,44426186,15228847928,202090,1273,308,147957032,660951892,934182,1633108,24.10401734,0,103937948,0,202090,0,0,22393,0,0,374421,0,523122,0,,
snd-avail-cache,snd-avail-cache-004,cache.r4.xlarge,ap-southeast-1b,44425848,15225042136,11873639,1819904,73,534957749,1123673890,715351,954420,54.52575429,0,0,0,13638209,0,0,347833,0,0,703094,0,13663330,0,,
snd-avail-cache,snd-avail-cache-005,cache.r4.xlarge,ap-southeast-1a,44426114,15224659696,8491076,1252439,70,378244635,788408155,533005,665886,38.28971495,0,0,0,9666699,0,0,333044,0,0,675925,0,9694537,0,,
snd-avail-cache,snd-avail-cache-006,cache.r4.xlarge,ap-southeast-1a,44426678,15224855632,10199043,1405444,68,457810139,954624637,554754,790353,41.62360393,0,0,0,11662341,0,0,272855,0,0,551738,0,11697470,0,,
snd-dp-session,snd-dp-session-001,cache.r4.2xlarge,ap-southeast-1a,38780669,8900469464,0,0,5344,238465588,503161942,2341414,3116962,45.83333333,0,101525444,0,0,0,0,10927,0,0,855983,0,845807,0,,
snd-dp-session,snd-dp-session-002,cache.r4.2xlarge,ap-southeast-1a,38779665,8820811632,251990,3873,1819,184067484,52097945,1081480,677013,25.1958007,0,0,0,255816,0,0,180530,0,0,915927,0,1101699,0,,
snd-dp-session,snd-dp-session-003,cache.r4.2xlarge,ap-southeast-1b,38779375,8819922360,240785,3486,1813,180502082,50479263,1048660,666524,25.51666667,0,0,0,244295,0,0,179410,0,0,915292,0,1071664,0,,
snd-dp-session,snd-dp-session-004,cache.r4.2xlarge,ap-southeast-1b,38780330,8822013672,233656,3733,1826,181800257,50339677,1058532,659520,26.01666667,0,0,0,236487,0,0,174818,0,0,918108,0,1082088,0,,
snd-framework,snd-framework-001,cache.r3.large,ap-southeast-1b,8,5791752,4,1,42,136985,1187690,776,1199,0.083347225,0,32876,0,5,0,0,1,60,3,62,1,2,0,,
snd-framework,snd-framework-002,cache.r3.large,ap-southeast-1a,8,4891488,0,0,5,113909,1127939,651,1027,0.08336112,0,0,0,0,0,0,1,6,0,8,0,1,0,,
snd-menu-cache-v5,snd-menu-cache-v5-001,cache.r4.2xlarge,ap-southeast-1a,542817,37557634696,178496,1331,1551,290494999,1405652408,291135,279050,25.5375896,0,274139785,0,179120,43983,0,1137,0,523,179197,0,357800,0,,
snd-menu-cache-v5,snd-menu-cache-v5-02,cache.r4.2xlarge,ap-southeast-1a,542819,37552823056,542654,7142,1365,358143699,11550925597,979354,7870832,30.95,0,0,0,544898,535521,0,46108,0,443,179244,0,179012,0,,
snd-menu-cache-v5,snd-menu-cache-v5-03,cache.r4.2xlarge,ap-southeast-1b,542806,37545004632,438019,6483,1372,352592959,9549079461,914424,6505229,26.58776463,0,0,0,439471,434429,0,52475,0,424,155267,0,203581,0,,
snd-menu-cache-v5,snd-menu-cache-v5-04,cache.r4.2xlarge,ap-southeast-1a,542805,37543949176,449761,8860,1386,356011993,10031386424,904121,6832332,55.56666667,0,0,0,451617,445629,0,46682,0,443,179251,0,179040,0,,
snd-menu-cache-v5,snd-menu-cache-v5-05,cache.r4.2xlarge,ap-southeast-1b,542821,37553097984,470310,3361,1331,364127526,9660967805,814296,6589099,26.62110352,0,0,0,471979,439958,0,53021,0,430,179310,0,178988,0,,
snd-menu-cache-v5,snd-menu-cache-v5-06,cache.r4.2xlarge,ap-southeast-1b,542823,37555679256,593753,4726,1334,380180833,11766700277,1054471,8032201,34.8,0,0,0.571,595833,508736,0,45989,0,445,179245,0,207545,0,,
snd-menu-h-s-cache,snd-menu-h-s-cache-001,cache.r4.xlarge,ap-southeast-1a,37901,60937784,0,0,2406,2624724,2571471,36022,27741,0.98349725,0,846625,0,0,0,0,151,0,0,7938,0,7938,0,,
snd-menu-h-s-cache,snd-menu-h-s-cache-002,cache.r4.xlarge,ap-southeast-1b,37905,60137056,25976,7901,2405,4893783,3161137,53484,42311,1.4,0,0,0,26041,0,0,7695,0,0,15225,0,32203,0,,
snd-restaurant-v3,snd-restaurant-v3-001,cache.r4.2xlarge,ap-southeast-1c,730130,694061400,196246,1482,60,359224841,1105865529,660818,754952,12.96882814,0,307067249,0,269655,88582,0,72622,0,129431,368787,0,350263,0,,
snd-restaurant-v3,snd-restaurant-v3-002,cache.r4.2xlarge,ap-southeast-1a,730130,705928096,369510,90,888,394310940,863358185,367641,643983,6.7,0,383941121,0,369549,422929,0,5,0,550,435126,0,324502,0,,
snd-restaurant-v3,snd-restaurant-v3-003,cache.r4.2xlarge,ap-southeast-1b,730130,706548976,484799,102,884,305568675,1029972302,396677,761009,7.683333333,0,296514209,0,484802,528246,0,5,0,505,336447,0,250585,0,,
snd-restaurant-v3,snd-restaurant-v3-004,cache.r4.2xlarge,ap-southeast-1a,730130,705961512,475515,92,887,300598786,1056963612,415021,780017,6.883333333,0,291689860,0,475523,518984,0,5,0,541,331635,0,247985,0,,
snd-rest-h-s-cache,snd-rest-h-s-cache-001,cache.r4.large,ap-southeast-1a,37519,505379560,92127,8788,2405,28096320,21958835,118182,107647,3.617269545,0,0,0,92183,0,0,7552,0,0,15380,0,95606,0,,
snd-rest-h-s-cache,snd-rest-h-s-cache-002,cache.r4.large,ap-southeast-1a,37542,505852576,0,0,2407,20188490,19499313,38549,29038,0.91681947,0,18353427,0,0,0,0,1022,0,0,8872,0,8792,0,,
snd-user-serv-cache,snd-user-serv-cache-001,cache.r4.xlarge,ap-southeast-1b,85231564,19919747072,277847,329444,3407,116342586,215382854,993936,875922,41.45,0,0,0,615324,0,0,53092,0,4185,133847,0,690855,0,,
snd-user-serv-cache,snd-user-serv-cache-002,cache.r4.xlarge,ap-southeast-1b,85231414,19918103824,267647,308945,3458,113261164,335673315,955096,843659,50.2583764,0,0,0,582278,0,0,53567,0,4170,138083,0,653121,0,,
snd-user-serv-cache,snd-user-serv-cache-003,cache.r4.xlarge,ap-southeast-1a,85231511,19987468248,0,0,6634,48775523,87054391,299400,315715,12.05,0,33469517,0,0,0,0,1902,0,1,85393,0,83803,0,,
snd-user-session-v2,snd-user-session-v2-001,cache.r4.2xlarge,ap-southeast-1b,81240082,53056767632,1,1,121,527223818,1891814276,1618838,2605928,51.02517086,0,431001491,0,3,0,0,125,0,0,589331,0,589231,0,,
snd-user-session-v2,snd-user-session-v2-002,cache.r4.2xlarge,ap-southeast-1a,81241160,53055570112,425176,1998,52,508114682,345118470,926135,684124,28.03800633,0,0,0,426915,0,0,137478,0,0,645679,0,984269,0,,
snd-user-session-v2,snd-user-session-v2-003,cache.r4.2xlarge,ap-southeast-1b,81238986,53054505816,353889,2649,49,486237419,290595235,860693,618659,25.8709785,0,0,0,355944,0,0,135781,0,0,620350,0,921779,0,,
snd-user-session-v2,snd-user-session-v2-004,cache.r4.2xlarge,ap-southeast-1a,81240615,53055113128,398035,1617,53,500628627,324264559,864860,642850,25.47091182,0,0,0,399657,0,0,136033,0,0,644886,0,911515,0,,
snd-user-session-v2,snd-usr-sesion-v2-5,cache.r4.2xlarge,ap-southeast-1a,81239022,53052759080,0,0,5,464427902,16868671,500870,251580,12.08534756,0,0,0,0,0,0,137273,0,0,646436,0,589857,0,,
test-cms-menu,test-cms-menu-001,cache.r4.8xlarge,ap-southeast-1a,17671719,1.07E+11,25067,371,37,106396215,207362872,126288,122486,2.85,0,99232033,0,162,2,0,0,0,0,0,0,160,0,,
test-cms-menu,test-cms-menu-002,cache.r4.8xlarge,ap-southeast-1b,17671670,1.07E+11,0,0,4,98477530,1570231,24696,14728,1.850308385,0,0,0,0,0,0,0,0,0,0,0,0,0,,
testkm,testkm-001,cache.r5.large,ap-southeast-1a,0,4965872,0,0,4,102057,1252656,737,1189,0.100016669,0,3264,0,0,0,0,0,0,0,0,0,0,0,,
testkm,testkm-002,cache.r5.large,ap-southeast-1b,0,4905432,0,0,5,100089,1255200,584,1124,0.100016669,0,3264,0,0,0,0,0,0,0,0,0,0,0,,
testkm,testkm-003,cache.r5.large,ap-southeast-1b,0,4905432,0,0,5,99018,1255659,537,1102,0.1,0,3264,0,0,0,0,0,0,0,0,0,0,0,,
vendor-cache,vendor-cache-002,cache.r4.xlarge,ap-southeast-1b,2098909,2104995488,12,55,43,4790371,329867371,79272,231686,1.65,0,28220,0,55,1,0,1,0,3,61,0,115,0,,
vendor-cache,vendor-cache-004,cache.r4.xlarge,ap-southeast-1b,2098805,2104152088,1,0,6,184708,1356595,1816,2325,0.150025004,0,0,0,1,0,0,311,0,0,371,0,61,0,,
vendor-p-pfsm-cache,vendor-p-pfsm-cache-001,cache.m4.large,ap-southeast-1a,16176397,1849229568,33538,13297,51,15879102,14129554,187417,188006,5.066666667,0,1308770,0,37692,13667,0,9143,0,0,18286,0,33808,0,,
vendor-p-pfsm-cache,vendor-p-pfsm-cache-002,cache.m4.large,ap-southeast-1b,16176411,1848288480,391,8505,4,2456248,132147661,33871,94449,1.033333333,0,0,0,0,1,0,12774,0,0,20187,0,8662,0,,
,vendor-t-cache,cache.r4.xlarge,ap-southeast-1a,1922257,1548458736,0,0,5,76609,1054631,370,839,0.083347225,0,0,0,0,0,0,0,0,0,60,0,60,0,,
vendor-vplacer-cache,vendor-vplacer-cache-001,cache.m4.large,ap-southeast-1a,1709797,5103381976,30503,632,23,17478848,17176559,61199,58762,2.216666667,0,12444789,0,30785,0,0,4531,0,17513,9062,0,17803,0,,
vendor-vplacer-cache,vendor-vplacer-cache-002,cache.m4.large,ap-southeast-1b,1709787,5103117824,0,0,4,13013285,132092422,32392,93204,30.53842307,0,0,0,0,0,0,6085,0,0,9636,0,4530,0,,
,,,,,,,,,,,,,,,,,,,,,,,,,,,,
,,,,,,,,,,,,,,,,,,,,,,,,,,,,
###Reserved Instances,,,,,,,,,,,,,,,,,,,,,,,,,,,,
Instance Type, Count, Remaining Time (days),,,,,,,,,,,,,,,,,,,,,,,,,,
,,,,,,,,,,,,,,,,,,,,,,,,,,,,
####Total costs per month####  124263.8503126007,,,,,,,,,,,,,,,,,,,,,,,,,,,,